timestamp,token_volume,transaction_count,unique_wallets,new_wallets,sniper_tx_count,wash_tx_count,avg_tx_size
2025-02-14 21:00:00,-280200886.181948,17,2,2,11.0,7,146506038.73797002
2025-02-14 22:00:00,-253364891078.54147,437929,47749,47747,0.0,276135,1068921.7941412737
2025-02-14 23:00:00,-161565619602.92657,392468,52783,27194,0.0,230991,729859.9421627509
2025-02-15 00:00:00,-70248345123.67274,113734,21254,8231,0.0,69887,677800.023445835
2025-02-15 01:00:00,-310976122.00265867,51193,9009,3543,0.0,32911,52945.28881906899
2025-02-15 02:00:00,324996713.5594656,25541,6026,2223,0.0,16125,84342.59985573358
2025-02-15 03:00:00,-94258955.03823821,41118,8548,3251,0.0,26707,41368.68285518523
2025-02-15 04:00:00,154194243.2261761,16854,4271,1656,0.0,10416,51815.95273258662
2025-02-15 05:00:00,330815378.3383536,16365,3457,1313,0.0,10824,43823.47677102709
2025-02-15 06:00:00,-23492828.839695334,13798,2992,1132,0.0,9098,24561.166987699435
2025-02-15 07:00:00,63697397.917377725,16368,2960,1131,0.0,11584,27298.06753450729
2025-02-15 08:00:00,48016745.29178405,18987,3368,1346,0.0,13116,21635.315989468047
2025-02-15 09:00:00,449908440.59215665,10003,2471,880,0.0,6303,68557.12390468875
2025-02-15 10:00:00,270626251.8317204,8119,2098,808,0.0,5164,51589.727363901555
2025-02-15 11:00:00,233178377.9354996,8657,2375,894,0.0,5292,49370.97096325691
2025-02-15 12:00:00,139408106.1960031,7609,1896,604,0.0,4914,53912.1795526106
2025-02-15 13:00:00,235631438.14356878,5108,1447,512,0.0,3138,87101.54143582907
2025-02-15 14:00:00,136414653.92748013,4937,1486,518,0.0,2966,63698.84059979606
2025-02-15 15:00:00,112639131.75743942,4166,1230,430,0.0,2573,64141.70789553072
2025-02-15 16:00:00,67424540.71855272,14551,2616,958,0.0,9982,27995.61106307177
2025-02-15 17:00:00,258886467.20785013,7159,1616,552,0.0,4585,54162.18620425147
2025-02-15 18:00:00,27652682.5508258,4491,1187,349,0.0,2617,24218.59617137889
2025-02-15 19:00:00,312860754.92214537,31133,4062,1438,0.0,22212,38624.3491918004
2025-02-15 20:00:00,270339639.28782576,14825,2597,785,0.0,10026,37704.25977372575
2025-02-15 21:00:00,138612109.23340735,8626,1825,531,0.0,5264,31529.588860777403
2025-02-15 22:00:00,139936141.41975468,8757,1661,468,0.0,5559,31779.759594249666
2025-02-15 23:00:00,191137757.64859554,8211,1384,381,0.0,5030,35248.80234437834
2025-02-16 00:00:00,248545506.99747878,36459,5018,1503,0.0,25378,30623.33201377433
2025-02-16 01:00:00,398550064.95407027,22040,3648,1080,0.0,14436,43357.03186194691
2025-02-16 02:00:00,102431069.84112944,17955,3113,829,0.0,12465,26826.279932732807
2025-02-16 03:00:00,277347533.68507063,9725,1904,512,0.0,6551,45981.90939297448
2025-02-16 04:00:00,42102447.40380949,8101,1686,440,0.0,5569,24156.56571051196
2025-02-16 05:00:00,223452762.07237896,6322,1278,329,0.0,4460,52940.9146964432
2025-02-16 06:00:00,101562668.91611736,4591,1116,312,0.0,2988,39752.38072137634
2025-02-16 07:00:00,66928998.24122869,4196,1036,307,0.0,2674,32502.300291888332
2025-02-16 08:00:00,-50576844.75115099,4011,1058,288,0.0,2544,51515.44479280793
2025-02-16 09:00:00,-21100502.685357634,3066,799,200,0.0,1969,12444.2550258141
2025-02-16 10:00:00,8841972.559978519,2850,821,240,0.0,1801,27788.049298471222
2025-02-16 11:00:00,48934143.7451843,2755,774,224,0.0,1695,37461.445536681764
2025-02-16 12:00:00,195951672.9538042,3343,872,260,0.0,2089,76699.0458745904
2025-02-16 13:00:00,132637647.60672231,3242,983,280,0.0,1944,60474.85094697204
2025-02-16 14:00:00,120346916.52837302,3136,1059,300,0.0,1772,94477.1499940377
2025-02-16 15:00:00,135891881.10770634,4598,1252,394,0.0,2860,48337.779352755875
2025-02-16 16:00:00,17722026.19596611,4580,1183,331,0.0,3007,14987.524353774608
2025-02-16 17:00:00,20397484.06262367,4480,980,255,0.0,2971,14232.63482666258
2025-02-16 18:00:00,-8504255.620047234,2987,831,211,0.0,1900,11002.09599216931
2025-02-16 19:00:00,106414161.6214901,2937,755,178,0.0,1859,49962.058950729006
2025-02-16 20:00:00,-39154311.62249827,3108,782,188,0.0,1917,53599.572345395674
2025-02-16 21:00:00,16223408.171026887,1828,669,155,0.0,1030,22941.728868279668
2025-02-16 22:00:00,81473122.19045019,2955,828,176,0.0,1890,42208.92442857232
2025-02-16 23:00:00,74903818.55478841,3868,977,220,0.0,2496,37704.97776058892
2025-02-17 00:00:00,2956226.1887581334,3367,796,161,0.0,2341,16095.845242061552
2025-02-17 01:00:00,1799809.5562764031,2290,649,161,0.0,1474,20156.695392188412
2025-02-17 02:00:00,75213668.5530815,3113,765,174,0.0,2131,38197.698150439755
2025-02-17 03:00:00,896263.843391312,3484,818,191,0.0,2339,16091.050118694997
2025-02-17 04:00:00,10699826.426716374,2184,563,118,0.0,1473,13244.487736623176
2025-02-17 05:00:00,187630270.79154184,12366,1487,355,0.0,9506,32812.41454631524
2025-02-17 06:00:00,115825195.63822944,7869,1166,259,0.0,5765,28681.588389619912
2025-02-17 07:00:00,89546001.33658193,5496,1061,300,0.0,3897,28227.363741811463
2025-02-17 08:00:00,181361785.7926053,3491,769,144,0.0,2347,60547.28308214415
2025-02-17 09:00:00,133332348.68640168,2254,543,135,0.0,1537,69317.78936110083
2025-02-17 10:00:00,-2016155.680080404,1736,474,115,0.0,1093,7735.896851722431
2025-02-17 11:00:00,100026090.20187642,1485,437,109,0.0,909,84383.10090247348
2025-02-17 12:00:00,20385978.09025716,2861,549,128,0.0,2052,20063.334109539857
2025-02-17 13:00:00,77765904.07094505,2536,552,135,0.0,1720,42297.68989765743
2025-02-17 14:00:00,266738291.2566313,2411,648,168,0.0,1561,127992.23790513701
2025-02-17 15:00:00,95265808.2123729,4482,829,170,0.0,3171,31198.03799101279
2025-02-17 16:00:00,2050665260.8036718,86265,11566,5016,0.0,58857,49128.67964399855
2025-02-17 17:00:00,80022429.66709192,31302,5316,1465,0.0,20659,32031.230780828595
2025-02-17 18:00:00,414889744.13183993,12095,2416,655,0.0,7995,63795.3240758906
2025-02-17 19:00:00,147430055.68538836,5642,1408,370,0.0,3535,55239.2296908037
2025-02-17 20:00:00,179104022.17080796,3919,1032,261,0.0,2442,83180.33169680914
2025-02-17 21:00:00,145241234.65078166,5231,1128,253,0.0,3397,57595.88415519573
2025-02-17 22:00:00,61177402.098976396,3777,1015,245,0.0,2361,84198.73627784014
2025-02-17 23:00:00,148262344.5082658,5770,1246,284,0.0,3858,70960.38980761339
2025-02-18 00:00:00,31313509.38177373,5201,1216,267,0.0,3337,44627.09598487697
2025-02-18 01:00:00,-36408239.67646153,3522,914,199,0.0,2279,44937.39084946209
2025-02-18 02:00:00,221431449.4741251,3613,835,186,0.0,2428,106568.2997797424
2025-02-18 03:00:00,7466910.496347702,3106,703,143,0.0,2092,56191.556910690815
2025-02-18 04:00:00,-135222728.68839398,2411,678,154,0.0,1492,69323.41823850949
2025-02-18 05:00:00,-27500052.625478778,2000,642,156,0.0,1163,25985.77959403508
2025-02-18 06:00:00,-4880462.329492089,2346,611,139,0.0,1486,29428.12242715861
2025-02-18 07:00:00,25521911.891869128,1868,571,134,0.0,1113,36655.0363963321
2025-02-18 08:00:00,-23658228.63008706,1894,578,117,0.0,1146,25092.7199800846
2025-02-18 09:00:00,-14566527.6459732,1688,498,98,0.0,1061,11745.922947535733
2025-02-18 10:00:00,51317475.63514193,1410,366,66,0.0,892,47624.81113075211
2025-02-18 11:00:00,97158530.68548796,1390,394,83,0.0,844,92854.27844641572
2025-02-18 12:00:00,1645393.1864941153,1697,431,88,0.0,1088,19337.99093824733
2025-02-18 13:00:00,790385.7633845676,2776,605,114,0.0,1848,15177.341595001582
2025-02-18 14:00:00,49577653.40769933,3196,695,128,0.0,2126,23510.195474292046
2025-02-18 15:00:00,51181289.855089195,1906,581,113,0.0,1101,38384.69353392216
2025-02-18 16:00:00,24227565.480761524,5078,874,160,0.0,3399,15177.290566370388
2025-02-18 17:00:00,45909262.94106451,1448,497,108,0.0,821,41606.83477178623
2025-02-18 18:00:00,86086958.16362815,1128,422,85,0.0,648,88993.0193428488
2025-02-18 19:00:00,-4770642.110218859,1193,387,68,0.0,712,15240.543170529234
2025-02-18 20:00:00,86545062.84835592,1335,395,76,0.0,828,77870.22435092936
2025-02-18 21:00:00,168571768.23669487,2859,793,186,0.0,1824,70707.19159938453
2025-02-18 22:00:00,141663162.7281729,1738,598,126,0.0,1003,92326.3511363508
2025-02-18 23:00:00,38933190.83609483,1742,532,88,0.0,1033,33240.1772269874
2025-02-19 00:00:00,-1351078.331833812,1736,520,87,0.0,1027,11087.410267621011
2025-02-19 01:00:00,89451202.72346452,1391,429,82,0.0,866,75639.06501673114
2025-02-19 02:00:00,37732014.92957668,1115,346,57,0.0,687,52233.10728574576
2025-02-19 03:00:00,113144172.584594,717,265,36,0.0,425,168592.1923840809
2025-02-19 04:00:00,136992066.1793596,2060,359,52,0.0,1430,74091.41339370592
2025-02-19 05:00:00,87423002.51650327,908,274,46,0.0,568,103419.83662139752
2025-02-19 06:00:00,83358322.68958922,739,234,38,0.0,414,118322.12988483644
2025-02-19 07:00:00,-132783.10469039908,1112,276,42,0.0,702,8685.441527002398
2025-02-19 08:00:00,-5196659.338824144,1040,293,47,0.0,643,9789.031627932065
2025-02-19 09:00:00,83743923.42692442,1226,419,46,0.0,699,79704.69443228135
2025-02-19 10:00:00,9919035.032051288,1067,274,45,0.0,685,19810.931063079555
2025-02-19 11:00:00,-3327241.295267221,1291,315,64,0.0,869,6083.051508302535
2025-02-19 12:00:00,144089668.83368272,1304,333,53,0.0,847,119587.87182325429
2025-02-19 13:00:00,65527848.42054774,1132,332,54,0.0,698,64542.657631590235
2025-02-19 14:00:00,167437814.89320222,963,312,57,0.0,577,182323.51302833564
2025-02-19 15:00:00,157703588.75043172,997,301,51,0.0,612,166496.7375515828
2025-02-19 16:00:00,18905290.814682752,1159,337,49,0.0,740,30281.364830266873
2025-02-19 17:00:00,30296187.659335148,1152,362,58,0.0,711,34361.31627703638
2025-02-19 18:00:00,76308931.06530981,722,272,51,0.0,428,113901.31960909122
2025-02-19 19:00:00,-1565522.873653528,1249,385,74,0.0,761,9892.031291486319
2025-02-19 20:00:00,1691489.437297483,844,301,50,0.0,505,8433.929102362164
2025-02-19 21:00:00,203117002.25120595,1021,297,43,0.0,649,205889.56681290435
2025-02-19 22:00:00,93551602.37616587,823,269,43,0.0,502,124380.55061211907
2025-02-19 23:00:00,-104023.02109503503,1067,265,41,0.0,692,6074.416295583523
2025-02-20 00:00:00,35399980.2695545,979,247,38,0.0,661,44182.76914029529
2025-02-20 01:00:00,158225856.8194735,716,220,37,0.0,439,230284.67462980235
2025-02-20 02:00:00,1334047.945382921,748,222,32,0.0,483,10784.529005600438
2025-02-20 03:00:00,30572606.531447332,716,287,44,0.0,402,55770.9115198409
2025-02-20 04:00:00,35322538.36804216,892,260,44,0.0,594,48439.460963511934
2025-02-20 05:00:00,-1281223.1647920092,1505,260,34,0.0,1130,6495.458580080249
2025-02-20 06:00:00,81544186.56620967,538,196,27,0.0,316,157612.45161961843
2025-02-20 07:00:00,46580070.94422225,461,180,22,0.0,268,109873.81201338196
2025-02-20 08:00:00,-430709.80752090394,592,216,31,0.0,334,5981.998976069328
2025-02-20 09:00:00,-898798.247186567,589,215,43,0.0,344,7856.104745600338
2025-02-20 10:00:00,70922617.22999415,634,189,34,0.0,395,119743.59806788602
2025-02-20 11:00:00,-814153.0983019241,426,172,26,0.0,229,6247.417358367291
2025-02-20 12:00:00,40161053.45966682,720,224,43,0.0,422,63332.75560865292
2025-02-20 13:00:00,1797849.234233113,464,196,42,0.0,252,8574.432554978286
2025-02-20 14:00:00,35222646.42816012,818,258,48,0.0,513,54311.58039160285
2025-02-20 15:00:00,4761648.656920263,1025,258,42,0.0,649,15093.503626572769
2025-02-20 16:00:00,45756303.71454188,602,255,51,0.0,316,91553.11743667003
2025-02-20 17:00:00,2038029.674823792,516,208,44,0.0,279,17948.507425154745
2025-02-20 18:00:00,6602834.82510697,935,243,29,0.0,574,14735.387285137514
2025-02-20 19:00:00,3117166.6288194475,407,176,26,0.0,201,17479.454548738304
2025-02-20 20:00:00,5631869.635242413,443,204,29,0.0,230,21360.770635227615
2025-02-20 21:00:00,1236891.7565108722,818,222,38,0.0,507,7038.506802991599
2025-02-20 22:00:00,121801928.81274556,461,164,31,0.0,277,274434.1825962747
2025-02-20 23:00:00,244394.74494028912,819,219,32,0.0,519,5404.658751899849
2025-02-21 00:00:00,2400609.543180778,672,221,30,0.0,413,6809.335735238848
2025-02-21 01:00:00,96367963.00288425,405,164,28,0.0,230,247915.9251669249
2025-02-21 02:00:00,-455596.22415251203,429,181,29,0.0,240,3301.3061000462703
2025-02-21 03:00:00,51981911.66717087,581,154,22,0.0,393,96808.47206310718
2025-02-21 04:00:00,36109055.98839357,300,143,24,0.0,154,125549.83510743566
2025-02-21 05:00:00,6019272.616438966,258,122,15,0.0,146,34335.90866682832
2025-02-21 06:00:00,-1852642.793185787,437,143,28,0.0,272,7338.784309451668
2025-02-21 07:00:00,-3410477.660398906,570,170,28,0.0,348,14491.708568067477
2025-02-21 08:00:00,7677436.227896676,277,132,16,0.0,143,59684.030429892664
2025-02-21 09:00:00,-3168988.416053974,540,172,27,0.0,329,9898.987891989751
2025-02-21 10:00:00,-2740053.829788708,769,236,109,0.0,366,3793.0966340939895
2025-02-21 11:00:00,-6155606.898769182,207,114,16,0.0,91,38149.6214972045
2025-02-21 12:00:00,2986597.0012372723,352,143,19,0.0,187,22159.165016939154
2025-02-21 13:00:00,6418791.517613393,341,159,22,0.0,161,53329.61307313045
2025-02-21 14:00:00,-4466566.353597161,420,162,23,0.0,251,19432.233765876517
2025-02-21 15:00:00,-742087.030039309,497,164,38,0.0,330,5098.220732534047
2025-02-21 16:00:00,86968178.78009737,458,175,27,0.0,285,199084.1213782203
2025-02-21 17:00:00,10762216.623437481,378,157,22,0.0,229,33677.94229281134
2025-02-21 18:00:00,11327267.583106646,313,148,23,0.0,153,40942.668321873
2025-02-21 19:00:00,-6480.062214879996,327,114,20,0.0,216,5743.646719516984
2025-02-21 20:00:00,-184368.55178674,230,120,24,0.0,115,3933.803320817861
2025-02-21 21:00:00,99259184.12150837,283,124,18,0.0,161,356089.5723752213
2025-02-21 22:00:00,1273726.773951617,279,122,20,0.0,155,12066.255251196913
2025-02-21 23:00:00,-1191287.146704067,792,145,24,0.0,546,2564.3148322984102
2025-02-22 00:00:00,-392281.67279536003,354,161,19,0.0,191,4191.557688366995
2025-02-22 01:00:00,28288667.061120726,281,116,20,0.0,144,107863.64099846726
2025-02-22 02:00:00,-899001.276403849,291,123,15,0.0,141,6361.3151773741065
2025-02-22 03:00:00,126634.161453126,194,103,10,0.0,88,1880.438310076505
2025-02-22 04:00:00,133233387.58861616,238,103,9,0.0,121,568618.979159764
2025-02-22 05:00:00,-148426.618457134,223,83,11,0.0,139,3578.553372389184
2025-02-22 06:00:00,96575774.30619411,163,73,13,0.0,86,601808.7217643328
2025-02-22 07:00:00,-590816.211730017,137,85,16,0.0,54,6144.079371195176
2025-02-22 08:00:00,-1066475.413157447,419,102,17,0.0,227,6666.573378709263
2025-02-22 09:00:00,536954.516956854,211,85,10,0.0,95,4542.334898725735
2025-02-22 10:00:00,960507.0506260581,170,102,18,0.0,80,14363.582660054917
2025-02-22 11:00:00,385642.10877124395,198,94,11,0.0,102,7250.355417589918
2025-02-22 12:00:00,292363.135374649,222,89,9,0.0,124,4383.227886393401
2025-02-22 13:00:00,-114527.11244172999,210,101,15,0.0,114,4608.206670103476
2025-02-22 14:00:00,761988.4891062938,724,159,22,0.0,485,9973.076948794953
2025-02-22 15:00:00,80301170.03181885,233,118,12,0.0,119,357569.8847501597
2025-02-22 16:00:00,31653621.512575056,360,127,21,0.0,195,100456.68342266094
2025-02-22 17:00:00,16311727.740949491,286,104,20,0.0,164,65387.713944462535
2025-02-22 18:00:00,663788.433129063,175,105,17,0.0,82,19121.835926131127
2025-02-22 19:00:00,20369544.943020493,393,162,26,0.0,217,61233.66376329177
2025-02-22 20:00:00,1551948.1106355449,285,113,21,0.0,152,14711.826409629835
2025-02-22 21:00:00,725780.161447279,227,114,24,0.0,119,27493.176942850492
2025-02-22 22:00:00,31292503.975058883,231,111,21,0.0,117,150056.702632936
2025-02-22 23:00:00,4285882.717510006,1027,164,27,0.0,702,11278.78053151857
2025-02-23 00:00:00,17011491.331587493,401,122,22,0.0,239,47180.31438668444
2025-02-23 01:00:00,11109433.879190842,340,131,29,0.0,198,41252.23455853856
2025-02-23 02:00:00,20978340.428287975,289,110,15,0.0,169,83078.37975669677
2025-02-23 03:00:00,-913982.527976148,160,70,8,0.0,90,7089.576156376124
2025-02-23 04:00:00,8016530.807542,180,96,18,0.0,83,46962.5205741
2025-02-23 05:00:00,-313194.531097831,124,76,10,0.0,53,3280.438446821347
2025-02-23 06:00:00,41514.08826896989,170,85,15,0.0,87,19422.29631373966
2025-02-23 07:00:00,-966189.1858811481,247,118,17,0.0,127,6725.9389001584295
2025-02-23 08:00:00,151714.18780356893,222,96,12,0.0,116,12212.8882735605
2025-02-23 09:00:00,-1266093.384446134,379,110,25,0.0,223,14404.673343918781
2025-02-23 10:00:00,3144209.384389338,640,140,21,0.0,317,29810.399722899652
2025-02-23 11:00:00,-160909.209607024,193,99,36,0.0,78,4423.810143569824
2025-02-23 12:00:00,-440087.923454968,200,88,9,0.0,118,2924.34638240484
2025-02-23 13:00:00,67035273.915640116,290,131,20,0.0,156,238238.19654916495
2025-02-23 14:00:00,5457590.9182081185,214,101,15,0.0,106,39653.86662152318
2025-02-23 15:00:00,8669709.837366305,167,73,11,0.0,99,69357.56237972375
2025-02-23 16:00:00,-1307736.7619918608,553,140,13,0.0,343,9983.79279489337
2025-02-23 17:00:00,-7152.79675718199,298,98,16,0.0,176,4451.037543460235
2025-02-23 18:00:00,4033716.829412341,168,75,13,0.0,88,33670.60002896885
2025-02-23 19:00:00,-621801.5140884831,205,87,17,0.0,113,4208.141701729186
2025-02-23 20:00:00,8658972.597742755,181,72,11,0.0,88,62355.01208890163
2025-02-23 21:00:00,-735005.560480936,122,75,10,0.0,56,6751.405509843738
2025-02-23 22:00:00,-429675.43188476993,188,92,11,0.0,107,18315.183566947944
2025-02-23 23:00:00,2959092.171097911,161,85,12,0.0,81,24256.42321504413
2025-02-24 00:00:00,586069.502656968,235,93,12,0.0,139,12967.746914344492
2025-02-24 01:00:00,44000891.38774484,296,109,16,0.0,175,161834.5399346051
2025-02-24 02:00:00,11832727.83389222,362,104,12,0.0,227,39478.18093606922
2025-02-24 03:00:00,72253.10287206896,196,78,16,0.0,88,7574.713681163158
2025-02-24 04:00:00,12554108.349336155,602,130,19,0.0,367,31765.9757507386
2025-02-24 05:00:00,22403052.20064352,376,115,15,0.0,223,73711.25016542299
2025-02-24 06:00:00,89734.30144497598,148,66,4,0.0,84,5391.386718155243
2025-02-24 07:00:00,-458049.033743051,117,63,10,0.0,59,7611.134794162829
2025-02-24 08:00:00,9284522.838766895,193,92,8,0.0,114,58492.86772246455
2025-02-24 09:00:00,-584818.642463472,579,194,12,0.0,340,3487.630032769354
2025-02-24 10:00:00,-586841.6591614081,238,91,8,0.0,134,6750.839388072941
2025-02-24 11:00:00,-246019.662708573,238,89,16,0.0,151,2856.6561923974327
2025-02-24 12:00:00,492578.31614982104,201,73,12,0.0,112,5717.945571867567
2025-02-24 13:00:00,69884823.22531359,235,107,16,0.0,126,303303.01655750134
2025-02-24 14:00:00,-114002.80788308491,411,133,24,0.0,268,12675.382313184966
2025-02-24 15:00:00,-107318.25448517299,216,87,10,0.0,132,3524.5236068020977
2025-02-24 16:00:00,-340492.917269075,213,115,19,0.0,99,2437.450912671714
2025-02-24 17:00:00,1406258.148741619,157,85,14,0.0,77,13508.518046621792
2025-02-24 18:00:00,9178275.554628499,146,67,6,0.0,86,70010.65471350422
2025-02-24 19:00:00,29488804.026715044,475,107,14,0.0,326,63864.420508250274
2025-02-24 20:00:00,-146934.547096984,288,106,22,0.0,165,1506.6175197325833
2025-02-24 21:00:00,8531424.663208943,259,96,13,0.0,161,44543.84955022784
2025-02-24 22:00:00,-221396.71396974399,492,101,13,0.0,378,1361.3018478653007
2025-02-24 23:00:00,-285904.3840838939,349,117,13,0.0,214,3668.444670445582
2025-02-25 00:00:00,-112078.92005414898,440,108,15,0.0,291,1206.9760368979296
2025-02-25 01:00:00,-16620.84090416399,343,92,12,0.0,245,1443.050215125796
2025-02-25 02:00:00,-179914.597985239,178,89,18,0.0,92,2566.152008737298
2025-02-25 03:00:00,30099353.1973776,296,89,9,0.0,191,103974.4989141161
2025-02-25 04:00:00,-66067.735436616,332,103,16,0.0,224,6150.496870640506
2025-02-25 05:00:00,-651239.066212801,320,95,18,0.0,214,11765.439464383653
2025-02-25 06:00:00,-67661.31604963998,227,90,8,0.0,125,1867.0291920076477
2025-02-25 07:00:00,276738.1027151338,917,119,16,0.0,714,6974.635981389171
2025-02-25 08:00:00,54277949.84269014,1342,154,16,0.0,932,48128.83019782647
2025-02-25 09:00:00,4065552.0660107317,220,109,15,0.0,113,20559.250366595472
2025-02-25 10:00:00,4396544.57435304,330,113,14,0.0,201,18523.416679454152
2025-02-25 11:00:00,1246145.727169809,350,118,18,0.0,205,5986.081940873517
2025-02-25 12:00:00,-225722.37368152602,199,81,10,0.0,106,2431.5900886735276
2025-02-25 13:00:00,4057007.7821184197,175,59,7,0.0,101,39474.59381704893
2025-02-25 14:00:00,59891.890762448995,140,77,13,0.0,69,1860.848457639507
2025-02-25 15:00:00,-68963004.24958892,335,104,15,0.0,202,218014.49463093752
2025-02-25 16:00:00,-17470.780775847998,278,111,16,0.0,147,2545.905805589266
2025-02-25 17:00:00,-33298.151313985,162,85,14,0.0,75,1209.3653706292407
2025-02-25 18:00:00,35023378.87224191,116,81,14,0.0,42,302443.1453706287
2025-02-25 19:00:00,390684.566796024,139,59,9,0.0,74,3233.9543368920286
2025-02-25 20:00:00,393781.867494565,195,81,10,0.0,103,3280.8482515867645
2025-02-25 21:00:00,-883369.0927054441,118,69,7,0.0,51,8269.600118903967
2025-02-25 22:00:00,-38322.057787141996,135,61,6,0.0,77,1248.471658853022
2025-02-25 23:00:00,49.48979431800035,245,67,10,0.0,157,469.36674891233474
2025-02-26 00:00:00,770204.1695459039,88,56,12,0.0,35,9629.366125977818
2025-02-26 01:00:00,-22379.488853833,143,62,6,0.0,78,1250.27696096686
2025-02-26 02:00:00,-83682.362723,71,55,8,0.0,28,1426.7806332816901
2025-02-26 03:00:00,-6044.448226999997,109,65,9,0.0,51,1076.5832698629724
2025-02-26 04:00:00,269614.75187557604,98,70,7,0.0,31,8417.297733881878
2025-02-26 05:00:00,-195166.621282752,103,50,10,0.0,52,4299.804102997592
2025-02-26 06:00:00,-35693.930248011995,385,82,11,0.0,237,2352.5234089768205
2025-02-26 07:00:00,5531237.741406953,100,65,13,0.0,41,59126.701213742585
2025-02-26 08:00:00,-73758.851217496,90,58,6,0.0,43,2297.009340868267
2025-02-26 09:00:00,394055.731844945,75,52,10,0.0,28,9460.955460706973
2025-02-26 10:00:00,-21353.683695891996,203,71,8,0.0,129,1517.109530561872
2025-02-26 11:00:00,-1081626.876853122,415,90,17,0.0,241,5276.300301250887
2025-02-26 12:00:00,9434594.536658315,133,64,9,0.0,66,75417.83912046353
2025-02-26 13:00:00,-36564.586468710004,160,83,12,0.0,93,2882.4489891917374
2025-02-26 14:00:00,78022750.54347402,151,80,9,0.0,71,518855.84152819816
2025-02-26 15:00:00,6567115.541949955,174,99,15,0.0,82,39768.68747993276
2025-02-26 16:00:00,92952795.08155163,186,88,15,0.0,90,500854.38139184465
2025-02-26 17:00:00,-100723.14009342201,164,76,19,0.0,74,1398.4045936427194
2025-02-26 18:00:00,410916.16173887596,113,62,7,0.0,56,25760.388832310193
2025-02-26 19:00:00,-131843.34354584193,158,74,3,0.0,95,11935.120872269468
2025-02-26 20:00:00,-14240.663643533999,91,68,12,0.0,31,399.672226840989
2025-02-26 21:00:00,350.00000000800003,89,52,5,0.0,40,170.6887667644944
2025-02-26 22:00:00,420913.994761774,225,77,7,0.0,130,3758.667652632471
2025-02-26 23:00:00,-4782.135739476,59,46,4,0.0,20,1160.9778045321355
2025-02-27 00:00:00,-6736.199685384002,236,51,6,0.0,149,788.4985673643221
2025-02-27 01:00:00,-2509.7409239839994,120,60,10,0.0,60,832.2298420666666
2025-02-27 02:00:00,-19168.387903718998,164,61,11,0.0,94,750.3111909984817
2025-02-27 03:00:00,25433.152881016,69,46,2,0.0,30,1831.0321860743188
2025-02-27 04:00:00,-7.872474825999319,107,51,3,0.0,56,283.3292031105234
2025-02-27 05:00:00,3007677.3361927085,71,46,4,0.0,37,44198.09174550316
2025-02-27 06:00:00,427566.214437367,87,44,7,0.0,47,6617.914660054172
2025-02-27 07:00:00,-3257.900429560985,150,64,6,0.0,92,5827.810547077073
2025-02-27 08:00:00,337495.584860852,182,77,14,0.0,100,3688.638139898648
2025-02-27 09:00:00,-205283.756073303,97,54,2,0.0,45,3363.789379622175
2025-02-27 10:00:00,84276.92259223905,167,72,9,0.0,92,10253.88586247791
2025-02-27 11:00:00,-463644.493700984,73,50,6,0.0,28,19953.19890327331
2025-02-27 12:00:00,453240.02948204,97,44,2,0.0,50,9489.215369917443
2025-02-27 13:00:00,866291.412974938,122,61,7,0.0,59,8761.278909221688
2025-02-27 14:00:00,-40.20695327699923,120,60,4,0.0,67,4940.844153205891
2025-02-27 15:00:00,-3093.585416000007,137,63,6,0.0,72,1113.6509856491678
2025-02-27 16:00:00,-1507.813174715,98,60,5,0.0,49,1455.7206236606835
2025-02-27 17:00:00,-27.92848090399957,132,65,5,0.0,71,720.871968218
2025-02-27 18:00:00,691772.41264355,136,60,8,0.0,78,8694.119972768014
2025-02-27 19:00:00,-72398.053473462,142,55,11,0.0,89,664.7131052213381
2025-02-27 20:00:00,-176840.205808432,146,56,8,0.0,84,2340.321559304
2025-02-27 21:00:00,-145934.14330510498,125,59,4,0.0,69,2483.496912633352
2025-02-27 22:00:00,81132.17558315804,118,68,7,0.0,55,8919.474978854594
2025-02-27 23:00:00,-66734.653514,91,39,6,0.0,48,1260.7378874945055
2025-02-28 00:00:00,-326241.31698676,68,44,7,0.0,30,11410.282854452587
2025-02-28 01:00:00,883082.109498485,208,62,10,0.0,144,6096.870552543784
2025-02-28 02:00:00,-341837.999617944,299,59,9,0.0,245,3222.2378915652976
2025-02-28 03:00:00,-489.02530102400146,68,46,7,0.0,30,4201.203934719295
2025-02-28 04:00:00,-1850269.862381766,117,56,5,0.0,69,16960.433024989863
2025-02-28 05:00:00,106.65838200000012,67,28,3,0.0,45,1144.831323671642
2025-02-28 06:00:00,-2121.880100032,128,45,3,0.0,82,799.967697406
2025-02-28 07:00:00,-71821.814433734,114,49,5,0.0,75,931.6921670900527
2025-02-28 08:00:00,-93862.18165717502,183,66,10,0.0,129,6743.441586312781
2025-02-28 09:00:00,-65064.33022833801,74,44,9,0.0,38,1473.8191376532163
2025-02-28 10:00:00,-911898.3644488831,67,35,3,0.0,33,15325.973239683628
2025-02-28 11:00:00,-4397.119925992,61,42,4,0.0,30,340.4049161638033
2025-02-28 12:00:00,496297.320886016,99,40,5,0.0,67,5103.843998080808
2025-02-28 13:00:00,-21011.234190207,137,56,4,0.0,83,392.59881138860584
2025-02-28 14:00:00,-56923.73121585199,162,61,9,0.0,96,2027.587679320469
2025-02-28 15:00:00,22566.945445901,108,66,11,0.0,50,1005.4983800749907
2025-02-28 16:00:00,32375.207222999998,97,56,10,0.0,45,595.9941707735258
2025-02-28 17:00:00,-1677.3493375709998,44,35,4,0.0,15,352.1935470751136
2025-02-28 18:00:00,8887139.588690454,128,57,9,0.0,64,70516.63640846444
2025-02-28 19:00:00,73240.82419052601,83,47,10,0.0,41,2037.9744273434458
2025-02-28 20:00:00,-72619.811567365,135,62,7,0.0,75,1061.4634430019926
2025-02-28 21:00:00,-272.1341399839997,72,48,8,0.0,26,1420.959756498889
2025-02-28 22:00:00,514991.86116395995,74,50,13,0.0,26,8201.19843467427
2025-02-28 23:00:00,-1107.6685048349993,67,48,7,0.0,21,1304.800444012224
